{"epoch": 24, "gaillossp": 0.11899342369288206, "gaillosse": 0.2917191155720502, "gailloss": 0.4311904782429338, "genloss": 0.13817790150642395, "_timestamp": 1656478670, "_runtime": 117, "_step": 226, "traj_num": 99, "simulated": [1.2722752094268799, -0.9924930930137634, -1.4887700080871582, -2.07704496383667, -3.601186513900757, -3.7556073665618896, -5.3128814697265625, -5.943820476531982, -4.375070095062256, -2.7010838985443115, -1.606379508972168, -1.177382469177246, -1.5553666353225708, -1.3618063926696777, -0.6032552719116211, -0.7375009059906006, -0.36471569538116455, 0.22977498173713684, 0.9209221005439758, -1.5490176677703857], "expert": [1.2722752094268799, -0.16789214313030243, -1.1915353536605835, -1.9628747701644897, -2.243825674057007, -2.231940746307373, -2.0632200241088867, -1.7062126398086548, -1.1126978397369385, -0.45646998286247253, 0.008519814349710941, 0.3045412302017212, 0.5208958983421326, 0.7019993662834167, 0.8635255694389343, 1.0068002939224243, 1.1262906789779663, 1.2147256135940552, 1.2668240070343018, 1.281258225440979], "X1 traj error": [1.2046210034084273, 1.7701998976328954, 0.6983151686410171, 0.7110167802344284, 1.076872830960176, 1.3931690271557222, 0.787925788700474, 1.5600541846551175, 0.7597942017085134, 0.5237675125313139, 1.922766718037704, 0.6876106102398634, 1.4100638890343464, 2.2030494008773256, 0.5288734193721921, 0.7016697621487056, 0.6294558256214434, 0.4779469640486126, 1.5502452750780198, 0.9398162350713826, 0.6126510397183924, 1.218323664951407, 1.496512783602543, 0.6282941406268701, 3.13454984853463, 0.4577360808981612, 1.253804801797514, 2.0873912601137814, 2.801717782262429, 2.118933574906689, 1.147280926845164, 2.1383160174539504, 1.9540545713430828, 1.6910571801446923, 3.813121095727103, 1.1722934174088364, 1.4914199760939906, 0.866281637691286, 0.4293147940061945, 1.6811927468646364, 1.4739844780321527, 3.0109801595291166, 0.6466004067557966, 1.2871930851130533, 1.4612926130333665, 1.5059820884771913, 0.2324382130944577, 0.5218628186456875, 2.367290955840118, 1.3117654811510016, 0.9612957408697665, 1.3551197848035357, 1.34143743876352, 0.675192483559586, 1.0699181495334376, 3.1636389891902, 3.071318746589863, 1.9490672378817924, 1.31007048786129, 0.8587304128034233, 0.5197919795898359, 0.4846457238244638, 0.5864025597128688, 1.4111550668500448, 2.6586512844510546, 0.7487859205899079, 0.7178458823109324, 0.8630308606316778, 0.32406697300654297, 1.6590859096700377, 0.2546791418010276, 1.1841738866091398, 1.549288324450693, 1.0838551397054152, 1.0821501197043673, 3.1332654271539093, 1.7170936685524925, 1.0027065918398257, 0.34226268540569954, 1.8329612663007773, 0.8344346134644702, 0.9996188150771234, 2.319307335200384, 0.7268224390523527, 0.4591427819059401, 1.7519472668547238, 0.9122417905365321, 3.369867304765621, 0.3952138947649403, 0.6819458292379407, 1.386192304909465, 2.3701830019463794, 0.8059064738580528, 0.448769442199006, 3.0114501801106712, 1.25088200191668, 0.896661412259912, 0.4893470067400589, 1.8177636093972644, 0.9143146909070076], "X2 traj error": [0.4616528057863688, 0.8813403461182826, 0.36430974252034, 0.37806049302193334, 0.45006388259476193, 0.6841934596094456, 0.41796160088714374, 0.8297814217855197, 0.42378050330051503, 0.2622671819101267, 0.9774201799564433, 0.43419652640995354, 0.6745090712434513, 1.0525574946156722, 0.24414312153877044, 0.3149255206413578, 0.3032267871034733, 0.22866006509240125, 0.7561346349433784, 0.4689247702975873, 0.3434595868872833, 0.5727178294504545, 0.7866563721048415, 0.373183607854802, 1.5562351973538375, 0.2249060766598317, 0.5952940408089686, 1.0013279162516138, 1.4038117274878448, 1.0340698907982264, 0.59483123257699, 1.034244170517393, 0.9512192664154437, 0.8619906628913624, 1.6917326774000792, 0.5237462628639145, 0.7411776562733737, 0.5016060366639112, 0.2492543988607499, 0.7244976972075465, 0.7666244327221755, 1.4314033456290303, 0.3684393617005284, 0.6420224807348779, 0.7213113491680371, 0.7002522057743412, 0.1414001538450579, 0.29530714358506127, 1.0474352503490212, 0.7100504919460198, 0.4588637738363038, 0.6039694388994896, 0.6866006069707365, 0.3300769621709108, 0.5866011920817348, 1.3807850392001408, 1.3997615886381782, 1.034687917992013, 0.7060069912305781, 0.46351140061114576, 0.300580491577905, 0.2888209573634627, 0.380346378140149, 0.688040843315396, 1.2765827301203638, 0.4391164892833642, 0.3765200831235172, 0.40509792703584624, 0.19284421206260433, 0.8004748819334904, 0.2017678784558014, 0.5707380575565256, 0.6983843928596132, 0.6196471483672521, 0.6060565104262371, 1.4537189925139749, 0.8115568413333829, 0.46499603923952293, 0.19283258557584942, 0.9605354790477664, 0.4690172936904037, 0.5513858238955707, 1.0901915939104678, 0.44942367589185184, 0.22798437374992536, 0.8822594311310727, 0.47425907974115755, 1.547932087325638, 0.2611956742899752, 0.3214685498604715, 0.6811390470753464, 1.1225009404936181, 0.3764598196964632, 0.27056690077307316, 1.4966937757502214, 0.6832692136612157, 0.3813345737518369, 0.28564487690307194, 0.7783811782387755, 0.4445105473828832], "Cx error (X1)": {"_type": "histogram", "values": [1, 0, 0, 1, 0, 0, 0, 2, 1, 3, 4, 5, 10, 29, 56, 108, 195, 309, 349, 350, 267, 141, 74, 42, 23, 20, 4, 2, 1, 1, 1, 1], "bins": [-4.265056454785045, -4.037052885949119, -3.8090493171131925, -3.5810457482772664, -3.35304217944134, -3.1250386106054138, -2.8970350417694877, -2.669031472933561, -2.441027904097635, -2.213024335261709, -1.9850207664257828, -1.7570171975898567, -1.5290136287539307, -1.3010100599180046, -1.073006491082078, -0.8450029222461519, -0.6169993534102258, -0.38899578457429973, -0.1609922157383732, 0.0670113530975529, 0.295014921933479, 0.5230184907694051, 0.7510220596053312, 0.9790256284412573, 1.2070291972771834, 1.4350327661131095, 1.6630363349490356, 1.8910399037849626, 2.1190434726208887, 2.3470470414568148, 2.575050610292741, 2.803054179128667, 3.031057747964593]}, "Cx error (X2)": {"_type": "histogram", "values": [7, 2, 8, 11, 14, 32, 48, 58, 95, 92, 116, 175, 202, 191, 197, 181, 154, 117, 99, 58, 53, 40, 12, 17, 9, 4, 3, 2, 2, 0, 0, 1], "bins": [-1.844566279833666, -1.7110063720058166, -1.577446464177967, -1.4438865563501175, -1.3103266485222682, -1.176766740694419, -1.0432068328665693, -0.9096469250387199, -0.7760870172108705, -0.6425271093830212, -0.5089672015551716, -0.37540729372732207, -0.24184738589947274, -0.10828747807162342, 0.025272429756226122, 0.15883233758407567, 0.292392245411925, 0.4259521532397743, 0.5595120610676236, 0.6930719688954734, 0.8266318767233227, 0.960191784551172, 1.0937516923790218, 1.2273116002068711, 1.3608715080347205, 1.4944314158625698, 1.627991323690419, 1.7615512315182689, 1.8951111393461182, 2.0286710471739675, 2.1622309550018173, 2.2957908628296666, 2.429350770657516]}}