{"epoch": 24, "gaillossp": 0.153698000125587, "gaillosse": 0.39451164663769306, "gailloss": 0.5722097512334585, "genloss": 0.16696977615356445, "_timestamp": 1656484279, "_runtime": 141, "_step": 226, "traj_num": 99, "simulated": [0.6653934717178345, -1.214295506477356, -1.7057301998138428, -2.0746054649353027, -3.4753780364990234, -3.5303220748901367, -5.015462398529053, -5.6022138595581055, -4.0153961181640625, -2.3329434394836426, -1.2383067607879639, -0.8282178044319153, -1.2055680751800537, -1.0514875650405884, -0.32389914989471436, -0.48966479301452637, -0.14850734174251556, 0.44575175642967224, 1.1933715343475342, -1.602404236793518], "expert": [0.6653934717178345, -0.6117731332778931, -1.6682599782943726, -2.244710922241211, -2.3666560649871826, -2.320608139038086, -2.183011054992676, -1.9109961986541748, -1.4162107706069946, -0.7419242858886719, -0.17091457545757294, 0.1922255903482437, 0.44007813930511475, 0.6375312209129333, 0.8104121685028076, 0.9646496176719666, 1.0964106321334839, 1.1982923746109009, 1.2638680934906006, 1.2904016971588135], "X1 traj error": [1.0564567937995224, 1.0123546821843976, 0.5825095205970856, 0.7287614135261697, 1.4030429833619766, 1.502708824010365, 0.9872477620494194, 1.2170525550525229, 1.7828811330030558, 1.1906680054360848, 0.5411961396756942, 1.5385370414465442, 2.4695196347441133, 2.7700688088701075, 0.5477214201280789, 0.817249082989773, 0.5371310524821172, 0.8028041198206288, 1.115773287654252, 0.5430669458029871, 0.8923866345323088, 0.9409194523043972, 2.492490344527533, 1.0455504662505541, 1.8294447285746422, 0.5122218329859904, 0.21502891696810003, 0.8704083571843269, 2.10046829750055, 2.4407398259552555, 0.584580428993407, 2.2871061889932536, 1.9030740268726745, 1.2370508669317917, 2.2694056441241535, 0.7782287722686895, 0.544630422741078, 0.7916491233387788, 1.5038699842082477, 1.7015414783786789, 0.9980946750177825, 2.7505264778354355, 0.5859334997386919, 0.3855056302796538, 1.1976266067754315, 0.4770351687565289, 0.28617358590021, 0.8864624477987443, 1.8730777790060522, 1.5735832421506868, 0.6743462035862444, 0.5267847108530438, 2.356335609564639, 0.6551153867594713, 0.9394719397597088, 2.5004476676858536, 1.8936880675446777, 1.655089878973964, 3.109156123974496, 1.5506003955185321, 0.4862681901361384, 1.6067339926717348, 0.5208213970592733, 2.520643424519709, 2.438771512972511, 1.3104568222632131, 0.8126077388035438, 1.118778434332176, 0.35386818434371464, 2.904847532735048, 0.708968623900529, 0.7206475210431962, 1.5063188142323305, 0.9677689510475409, 0.968753962450718, 2.203253096521796, 0.864388831977023, 0.35957271240787086, 0.6458565405957726, 0.814837628529301, 0.5072834734693057, 0.5136474987560317, 1.1069906617722485, 0.7100336473007427, 0.49995808278385834, 2.290536719601144, 0.9508239590892593, 1.258540741890293, 0.3700576707385227, 1.573556494190278, 2.601489500383566, 2.3782946648823478, 0.4930568879443058, 0.801880054556697, 2.603747473100497, 1.0665080222302172, 0.8930850408262494, 1.0142797687428984, 2.077395065312675, 0.7943639650904204], "X2 traj error": [0.4112090253926956, 0.511764681650334, 0.32567910841105613, 0.3466473226932271, 0.4587098905336993, 0.7350359591185213, 0.5198007426618657, 0.6494800637266175, 0.908153877940397, 0.6414026549523152, 0.29737774589915483, 0.7764110890959381, 1.2150203710258094, 1.2614475343140747, 0.2605960290749596, 0.36815648598786455, 0.257788217987598, 0.41847161115344933, 0.638293607710892, 0.3045701901795214, 0.4813248642887077, 0.44156601507812254, 1.2098872365026325, 0.529057315146525, 0.9208756608579771, 0.27640804657072376, 0.17630223944366671, 0.4281273960142006, 1.061436808204296, 1.182019715360756, 0.34612543311830657, 1.0815502415605045, 0.9396186884543798, 0.6358500586652881, 0.9717653234724887, 0.42306707562083073, 0.3560191483455484, 0.4414454788282495, 0.7251759020658757, 0.7326409769399493, 0.4673718586015432, 1.31493905585467, 0.3380091792661931, 0.22130787433953364, 0.6014621443562038, 0.2650589129345216, 0.19772062682047606, 0.47170174167395384, 0.8972374392240601, 0.8238228905198011, 0.3490508583760079, 0.2703063850038992, 1.1140234178991815, 0.2993702630070576, 0.4771631098606314, 1.12359818047357, 0.8774680225238252, 0.8833071734211491, 1.5763128601356233, 0.79025284002076, 0.29934607688641723, 0.8175450448781689, 0.3354704216884207, 1.1691436026865976, 1.1678539974659268, 0.6525300361584009, 0.42140375875049585, 0.5194422325392118, 0.20086269129846088, 1.4299402679333388, 0.39677282381094603, 0.4096692624620264, 0.682308327149091, 0.5560128905759109, 0.5462703351560323, 1.0453168899967022, 0.47614293764701926, 0.25155529398194265, 0.3153131769613592, 0.4433606885805218, 0.28847602131799305, 0.30470620375616353, 0.534270495038696, 0.4411114768032416, 0.2503086878479451, 1.1500506615600803, 0.4576939410675157, 0.4956968786165021, 0.24938052146142858, 0.8220792254466434, 1.2424824384556685, 1.1313176362640056, 0.27905138129071283, 0.3437354631452779, 1.303273336830469, 0.49823607164744094, 0.3832967616313273, 0.509836929079896, 0.9237437508043795, 0.37300708283083367], "Cx error (X1)": {"_type": "histogram", "values": [1, 0, 0, 0, 0, 1, 1, 1, 1, 4, 7, 6, 23, 39, 61, 97, 182, 282, 314, 306, 248, 170, 109, 65, 38, 20, 9, 6, 4, 2, 2, 1], "bins": [-3.6786876895054195, -3.4831654792992595, -3.287643269093099, -3.092121058886939, -2.8965988486807785, -2.7010766384746185, -2.505554428268458, -2.310032218062298, -2.114510007856138, -1.9189877976499776, -1.7234655874438174, -1.5279433772376572, -1.3324211670314972, -1.1368989568253367, -0.9413767466191767, -0.7458545364130162, -0.5503323262068562, -0.35481011600069623, -0.15928790579453578, 0.03623430441162423, 0.23175651461778468, 0.4272787248239447, 0.6228009350301051, 0.8183231452362656, 1.0138453554424252, 1.2093675656485856, 1.404889775854746, 1.6004119860609056, 1.795934196267066, 1.9914564064732265, 2.186978616679387, 2.3825008268855465, 2.578023037091707]}, "Cx error (X2)": {"_type": "histogram", "values": [3, 1, 4, 6, 10, 17, 29, 34, 39, 84, 101, 135, 157, 186, 186, 208, 153, 161, 144, 105, 63, 61, 40, 29, 17, 7, 11, 5, 0, 2, 0, 2], "bins": [-1.9331975212173824, -1.8060430206240818, -1.6788885200307813, -1.5517340194374807, -1.42457951884418, -1.2974250182508795, -1.170270517657579, -1.0431160170642784, -0.9159615164709778, -0.7888070158776772, -0.6616525152843766, -0.534498014691076, -0.40734351409777547, -0.2801890135044749, -0.15303451291117431, -0.025880012317873735, 0.10127448827542684, 0.22842898886872742, 0.355583489462028, 0.4827379900553286, 0.6098924906486292, 0.7370469912419297, 0.8642014918352303, 0.9913559924285309, 1.1185104930218315, 1.245664993615132, 1.3728194942084326, 1.4999739948017332, 1.6271284953950338, 1.7542829959883344, 1.881437496581635, 2.0085919971749355, 2.1357464977682357]}}