{"epoch": 24, "gaillossp": 0.2727884765714407, "gaillosse": 0.4574488842859864, "gailloss": 0.768758711591363, "genloss": 0.14933374524116516, "_timestamp": 1656408510, "_runtime": 95, "_step": 124, "_wandb": {"runtime": 386}}