{"epoch": 24, "gaillossp": 0.2613979808986187, "gaillosse": 0.46679948922246695, "gailloss": 0.7670557130128145, "genloss": 0.14585082232952118, "_timestamp": 1656479309, "_runtime": 128, "_step": 226, "traj_num": 99, "simulated": [1.6425310373306274, -0.9799979329109192, -1.8202197551727295, -2.6479029655456543, -4.342615604400635, -4.589045524597168, -6.208293914794922, -6.860774517059326, -5.288474082946777, -3.6023149490356445, -2.4830503463745117, -1.999285340309143, -2.346548318862915, -2.0742104053497314, -1.226189374923706, -1.3043749332427979, -0.8408616781234741, -0.17423415184020996, 0.4997931718826294, -1.6450316905975342], "expert": [1.6425310373306274, -0.1671639382839203, -1.470405101776123, -2.2961626052856445, -2.5139760971069336, -2.5490200519561768, -2.5433216094970703, -2.524071455001831, -2.4939305782318115, -2.449087619781494, -2.3806018829345703, -2.268383741378784, -2.0655016899108887, -1.683290719985962, -1.067445158958435, -0.41103559732437134, 0.042997464537620544, 0.3345612585544586, 0.5515172481536865, 0.7351253628730774], "X1 traj error": [0.6097409789708153, 1.8435788736365768, 0.9830496365998342, 1.1454991243952681, 1.1863148960886256, 2.287296678389983, 1.4294798139464415, 0.9527747157746518, 1.2946664003292487, 1.0450048030073016, 1.0130075939451273, 1.0983810387452624, 2.5963650929433015, 1.6648478307452126, 0.5144203565582348, 0.6079330667824998, 0.2895230416437006, 0.3820511229952027, 1.268597307077902, 0.6921136481811354, 0.7817187712085508, 1.274679792628651, 2.55585775325434, 1.0015352002387945, 2.8801005874883074, 0.47343496390281814, 0.36409522530898936, 2.1304207351532627, 2.0939497934514106, 1.1820739524255588, 0.7761217771710099, 1.6218150591276927, 1.7905734118564165, 0.49142978207982646, 2.804191764884448, 1.060992854703566, 1.5171813811293953, 0.9524165246018524, 1.5446547355679845, 1.4956712961351708, 1.5105006557612204, 0.9143126522128412, 0.7017799059514552, 1.1722266577488605, 0.39270564515997275, 0.6819136088838162, 0.6559170674517115, 0.6269653771929351, 2.158168044943166, 1.288619191706719, 0.5053052643722495, 1.405049818892063, 2.4442919295475662, 0.6881250887081556, 0.5986271635784761, 4.753265588926318, 3.0789227673350035, 1.7211915952313919, 1.358474783873946, 1.7222820756226969, 0.5154521548631046, 1.2841944420868585, 1.0796738882854477, 1.4737670424522413, 2.5299650813051855, 0.7908912026758683, 0.9179083599188418, 0.8112889173239104, 0.271903181335969, 2.249344835676545, 1.1734737467564211, 0.9217673994913465, 1.0978363268981055, 1.0027279290986555, 1.06140966906161, 2.4163715241022934, 0.8691714948418348, 0.45961074672237273, 0.6231839218853505, 0.8433148535598397, 0.7700253494734086, 1.1272358682162458, 0.9332132268333442, 1.0328150612416651, 0.5618461604197704, 1.5021182434552576, 0.9889187674203699, 1.3214774560764095, 0.8743432317986137, 1.1541856461248419, 2.223906787245231, 1.0975697201113466, 0.6545939684667552, 0.919038662772166, 3.0772788953121046, 1.0448913015690746, 0.8448045601847214, 0.39993233377466775, 1.24161264624166, 0.7329769353255753], "X2 traj error": [0.3219426476773665, 0.9000653519989795, 0.49005820403928213, 0.6520854944669043, 0.44902757560513085, 1.068910300072106, 0.7417151517745715, 0.5841121720588474, 0.675305546563237, 0.5783704643407254, 0.6016581760065505, 0.5477396567471187, 1.2834271917206324, 0.7942930744341961, 0.20614709183073837, 0.3277017461911223, 0.20124423675579622, 0.19747276846993764, 0.6641327140393728, 0.392426079739238, 0.42307608774162137, 0.6883656627940187, 1.2482527426266672, 0.5055158828388534, 1.4271343752111378, 0.20083321034913096, 0.25390002658103056, 1.0308177910814647, 1.0580716601685192, 0.6334681827779735, 0.39368911046081934, 0.8018827091178127, 0.8857755436325295, 0.26873622036289346, 1.253490480554743, 0.47833323153189006, 0.7485087865655882, 0.518687516800545, 0.7523389225568745, 0.6471229044552091, 0.7855649512881604, 0.48656209928456856, 0.3906808764091793, 0.6009750207120238, 0.2607264657941371, 0.3191396667957057, 0.3265669260686595, 0.34997392528845284, 1.0101879182949318, 0.720999363235385, 0.3041832557520574, 0.6204100082498762, 1.149971428033128, 0.33661858372864606, 0.3014718345331364, 2.2105851266136805, 1.403244686700442, 0.913719670713278, 0.7294586152624366, 0.8772943825301459, 0.2970037956038337, 0.632023011950779, 0.5646162282320251, 0.7169728148589787, 1.2153565182625266, 0.4720250189809212, 0.47392623155598257, 0.3727268288654025, 0.18220795844132937, 1.1023878594060104, 0.4980011573199234, 0.49583570952123085, 0.4770502640432991, 0.5651261703861552, 0.5973029885415095, 1.139452253451063, 0.4798731912382708, 0.23253476292251357, 0.37033662685656643, 0.40581461868093943, 0.4346081324422393, 0.561108274462555, 0.4115577706853825, 0.6042933111185328, 0.27365506986934596, 0.7622089663044062, 0.5205097411712761, 0.5453263995141395, 0.4467142932980968, 0.544877670334228, 1.0354101935907307, 0.552772157060635, 0.32348614158884004, 0.405622652599007, 1.5352077865563545, 0.47885650300113547, 0.353099403139436, 0.22371917989192824, 0.5313026152380338, 0.3795942302160212], "Cx error (X1)": {"_type": "histogram", "values": [1, 0, 0, 0, 1, 0, 1, 1, 4, 11, 8, 26, 69, 129, 279, 381, 384, 314, 205, 100, 46, 25, 7, 5, 2, 0, 0, 0, 0, 0, 0, 1], "bins": [-4.079813290451574, -3.8271654296497544, -3.574517568847935, -3.3218697080461155, -3.0692218472442967, -2.816573986442477, -2.563926125640658, -2.3112782648388386, -2.0586304040370194, -1.8059825432352001, -1.553334682433381, -1.3006868216315617, -1.048038960829742, -0.7953911000279228, -0.5427432392261036, -0.29009537842428434, -0.03744751762246512, 0.21520034317935455, 0.4678482039811733, 0.720496064782993, 0.9731439255848118, 1.2257917863866314, 1.4784396471884502, 1.73108750799027, 1.9837353687920896, 2.2363832295939083, 2.489031090395728, 2.741678951197547, 2.9943268119993665, 3.2469746728011852, 3.499622533603005, 3.7522703944048237, 4.004918255206643]}, "Cx error (X2)": {"_type": "histogram", "values": [1, 0, 1, 1, 2, 2, 7, 11, 16, 20, 37, 39, 94, 137, 123, 190, 187, 203, 197, 157, 184, 133, 79, 58, 48, 31, 16, 9, 6, 6, 2, 3], "bins": [-2.4395747283744753, -2.3022796319852574, -2.16498453559604, -2.027689439206822, -1.8903943428176044, -1.7530992464283868, -1.6158041500391689, -1.4785090536499512, -1.3412139572607336, -1.203918860871516, -1.0666237644822982, -0.9293286680930803, -0.7920335717038627, -0.654738475314645, -0.5174433789254271, -0.3801482825362097, -0.2428531861469918, -0.10555808975777392, 0.03173700663144352, 0.1690321030206614, 0.30632719940987885, 0.44362229579909673, 0.5809173921883146, 0.7182124885775321, 0.85550758496675, 0.9928026813559678, 1.1300977777451853, 1.2673928741344032, 1.404687970523621, 1.5419830669128385, 1.679278163302056, 1.8165732596912743, 1.9538683560804921]}, "_wandb": {"runtime": 353}}