{"epoch": 25, "gaillossp": [0.439831230789423, 0.5056435406208039, 0.5957863479852676, 0.3728010393679142, 0.5459547132253647, 0.43890448957681655, 0.3828219436109066, 0.34077724628150463, 0.4728798225522041, 0.4611481577157974, 0.5449941597878933, 0.5348691582679749, 0.6028569042682648, 0.5467575639486313, 0.6625866591930389, 0.47562799211591483, 0.2285657862201333, 0.2179800894111395, 0.31821873746812346, 0.32054168097674846, 0.4186801601201296, 0.32397755421698093, 0.36874031499028204, 0.36424860283732413, 0.3904136136174202, 0.5378901273012161, 0.3228094853460789, 0.2951697036623955, 0.300875311344862, 0.3335862897336483, 1.3139967761933804, 0.7542016033083201, 0.8809213921427727, 0.6627229236066341, 0.6091282891109586, 0.6957235392183065, 0.43054028823971746, 0.5641636915504933, 0.4933408133685589, 0.43978068977594376, 0.7840680494904518, 0.7659473173320294, 0.7809895846992732, 0.719697093963623, 0.7254403173923493, 0.4070582829415798, 0.29938511587679384, 0.3873037226498127, 0.32728588916361334, 0.37903751283884046, 1.1031168300658465, 0.9450094416737557, 0.7705261327326298, 0.7232486538589, 0.6506466329097748, 0.5221131067723036, 0.5864475034177303, 0.5224347434937954, 0.5497304119169713, 0.5052909851074219, 1.0758311115205288, 0.5269115578383208, 0.48531464114785194, 0.5948920749127865, 0.600752904638648, 0.608124689757824, 0.3260235823690891, 0.30332680493593217, 0.31427903696894643, 0.2735235050320625, 1.3139530390501022, 0.9064874589443207, 0.7341202303767205, 0.7475011199712753, 0.6231788381934166, 0.6212541081011296, 0.6212952043861151, 0.5997508075088263, 0.5645224522799254, 0.5054064705967903, 0.4391135971993208, 0.3198278613388538, 0.3826783809810877, 0.2517403531819582, 0.3121574826538563, 0.8859782338142395, 0.6665138892829419, 0.6200390256941318, 0.5747717902064323, 0.5258517168462277, 0.39179411716759205, 0.31768466383218763, 0.35667686983942987, 0.27816670648753644, 0.23939868696033956, 0.4382049046456814, 0.21960286051034927, 0.25642661154270174, 0.4502220511436462, 0.2789747755974531, 0.3033048905432224, 0.4610786743462086, 0.356340616568923, 0.3276252802461386, 0.35824906043708327, 1.0404336012899875, 0.6202505681663751, 0.5623158879578114, 0.5562880665063858, 0.48673511259257796, 0.36489431038498876, 0.3076274640858173, 0.3956614337861538, 0.2555009201169014, 0.3450592733919621, 0.24241338446736335, 0.31193386688828467, 0.33910010363906623, 0.38089650198817254, 0.25070393960922954, 0.41315383091568947, 0.18574340548366308, 0.2773142077028751, 0.27872639857232573, 0.22677991390228272], "gaillosse": [0.737937155365944, 0.9573876604437828, 0.725344019383192, 1.0391040205955506, 0.8425000622868538, 0.7258089296519756, 0.6911379281431437, 0.6067167073488235, 0.8934960208833218, 0.5914570309221745, 0.6121157214045525, 0.7353554155677557, 0.5145156629383564, 0.7821958310902118, 0.6494533881545067, 0.5900361973792314, 0.6337094616144896, 0.5020195282995701, 0.6973912199959159, 0.7150539670139551, 0.5708011146634817, 0.4348138563334942, 0.4442328542470932, 0.582169274892658, 0.4218246857635677, 0.450592315942049, 0.2828085171058774, 0.45283034797757865, 0.4983760749921203, 0.570457873120904, 0.5196964222937822, 0.5128221955150366, 0.6980582073330879, 0.36875559091567994, 0.5830337107181549, 0.8526403911411762, 0.5611528467386961, 0.6290734820067883, 0.5772383408620954, 0.6047304589301348, 0.40196648333221674, 0.47418490182608364, 0.5736768249422312, 0.4668231692165136, 0.5525524348020554, 0.30783026572316885, 0.7476608829572797, 0.5524155158549547, 0.5987113930284977, 0.30872114151716235, 0.7160906037315726, 0.38900127857923505, 0.4943530235439539, 0.48880650028586387, 0.4686197876930237, 0.5279948007315397, 0.6220495596528053, 0.5390019927173852, 0.4334939055144787, 0.3423714477568865, 0.5471025977283717, 0.432578481733799, 0.7008299306035042, 0.5090201251208782, 0.6819018576294184, 0.6247201906517148, 0.6307713311165571, 0.6741167107596994, 0.5495970440097153, 0.49596178326755763, 0.1281471211463213, 0.5104001462459564, 0.5712235793471336, 0.5441353999078273, 0.5796412974596024, 0.6652033910155296, 0.6032539717853069, 0.5056991189718246, 0.60541505292058, 0.6434435486793518, 0.6407928876578808, 0.8389550324529409, 0.4061329931020737, 0.5500988062471152, 0.448072412237525, 0.38382639922201633, 0.5865471325814724, 0.5754552982747555, 0.4692261017858982, 0.484277568757534, 0.6833431463688612, 0.6774627378210425, 0.5582368090748787, 0.3483287964947522, 0.43179282303899524, 0.40200451808050275, 0.5681518928147853, 0.5283377166837454, 0.412223663367331, 0.43690322525799274, 0.5599354319274426, 0.4107616478577256, 0.4330009276047349, 0.3936975602060556, 0.401490337587893, 0.5096228547394276, 0.4477045301347971, 0.513766422122717, 0.4101828407496214, 0.42115080915391445, 0.49775162544101476, 0.5799029745161534, 0.4686947509646416, 0.3491935681551695, 0.3954260669648647, 0.5168382720090449, 0.4179761940613389, 0.4652891603298485, 0.4893433781340718, 0.728345045261085, 0.294735393114388, 0.33918489012867215, 0.5538235651794821, 0.2571650722064078, 0.45146000613458453], "gailloss": [7.2066194891929625, 3.878197765350342, 2.8949911147356033, 2.038345438241959, 1.6765992790460587, 1.840759053826332, 1.2859463170170784, 1.179729349911213, 1.5957753837108613, 1.453702698647976, 1.489049243927002, 1.3156535252928734, 1.162134625017643, 1.4432172030210495, 1.417481580376625, 1.1541872650384903, 0.939676882326603, 0.8393704831600189, 1.2425804361701012, 1.1561615407466888, 1.0668541237711906, 0.854391896724701, 0.8885072201490403, 0.9887002907693386, 0.9825808227062225, 1.0527029544115067, 0.8277194648981094, 0.7940360322594643, 0.8591638393700123, 0.9641999483108521, 2.231207939982414, 1.4980090796947478, 1.806401801109314, 1.3854638889431954, 1.3810517728328704, 1.694847047328949, 1.1777046620845795, 1.2517034500837325, 1.1431362479925156, 1.1213491506874562, 1.3515780836343765, 1.2894125670194625, 1.4599140197038651, 1.3001932695508003, 1.3219503670930863, 0.836174351722002, 1.1112410061061382, 0.989775313436985, 1.0819065026938914, 0.7825879350304603, 1.9875556960701943, 1.4571718364953994, 1.3524559497833253, 1.298268547654152, 1.1941239804029464, 1.087046280503273, 1.2442740976810456, 1.2009213104844094, 1.0539473310112952, 0.9598622500896454, 2.210451918840408, 1.0316173613071442, 1.2791638791561126, 1.2211038589477539, 1.4141768008470534, 1.3460718482732772, 1.0122072249650955, 0.9964664027094841, 0.9136897295713424, 0.8311773419380188, 1.5003829255700112, 1.4648701339960097, 1.395438128709793, 1.3251172348856926, 1.237733507156372, 1.30585016310215, 1.287080430984497, 1.1162274599075317, 1.2728863030672073, 1.195492112636566, 1.1538014546036721, 1.2862447828054429, 0.8355956815183163, 0.8412809252738953, 0.8293157257139683, 1.4033734321594238, 1.3644786164164544, 1.2579786717891692, 1.0846369490027428, 1.078115203976631, 1.1921009942889214, 1.0298217609524727, 1.0367208272218704, 0.7225636303424835, 0.8159043163061142, 0.9146214812994004, 1.0370251141488551, 0.9440306477248669, 0.9176699265837669, 0.81725118085742, 0.920269499719143, 0.9250227451324463, 0.8574633046984672, 0.7603352017700672, 0.8831127226352692, 1.6662949703633785, 1.2219085335731505, 1.2283272325992585, 1.1440258279442788, 1.0089416742324828, 0.9381929539144039, 0.9526473447680474, 0.9167523354291915, 0.6386608183383942, 0.8552353486418725, 0.883139269798994, 0.7726957276463509, 0.89226563423872, 0.9139928378164768, 1.020870628207922, 0.7681851774454117, 0.6001261103898287, 0.8886322170495987, 0.5668308362364769, 0.7024398148059845],